Artworks Artist Name,Artworks Title,Artworks Artwork URL,Artists Artist URL
Adam Barker-Mill,"Diptych: Permanent green, Permanent green and Phthalo green",https://www.artsy.net/artwork/adam-barker-mill-diptych-permanent-green-permanent-green-and-phthalo-green,/artist/adam-barker-mill
Adam Barker-Mill,Chromat 9,https://www.artsy.net/artwork/adam-barker-mill-chromat-9,/artist/adam-barker-mill
Adam Barker-Mill,Flow III,https://www.artsy.net/artwork/adam-barker-mill-flow-iii,/artist/adam-barker-mill
Adam Barker-Mill,"Diptych: Cerulean blue, Cerulean blue and Payne’s grey",https://www.artsy.net/artwork/adam-barker-mill-diptych-cerulean-blue-cerulean-blue-and-paynes-grey,/artist/adam-barker-mill
Adam Barker-Mill,Disco Volante,https://www.artsy.net/artwork/adam-barker-mill-disco-volante,/artist/adam-barker-mill
Adam Barker-Mill,"Diptych: Ivory Black, Payne’s grey bluish",https://www.artsy.net/artwork/adam-barker-mill-diptych-ivory-black-paynes-grey-bluish,/artist/adam-barker-mill
Alan Johnston,Untitled,https://www.artsy.net/artwork/alan-johnston-untitled-16,/artist/alan-johnston
Alan Johnston,"Diptych, Untitled",https://www.artsy.net/artwork/alan-johnston-diptych-untitled,/artist/alan-johnston
Alan Johnston,"Diptych, Untitled (Sesshu's Dance)",https://www.artsy.net/artwork/alan-johnston-diptych-untitled-sesshus-dance,/artist/alan-johnston
Alan Johnston,Untitled,https://www.artsy.net/artwork/alan-johnston-untitled-103,/artist/alan-johnston
Alan Johnston,Untitled,https://www.artsy.net/artwork/alan-johnston-untitled-29,/artist/alan-johnston
Alan Johnston,Untitled (white cross),https://www.artsy.net/artwork/alan-johnston-untitled-white-cross,/artist/alan-johnston
Alan Johnston,Untitled,https://www.artsy.net/artwork/alan-johnston-untitled-32,/artist/alan-johnston
Alan Johnston,Untitled,https://www.artsy.net/artwork/alan-johnston-untitled-101,/artist/alan-johnston
Beat Zoderer,Faltungen Lila,https://www.artsy.net/artwork/beat-zoderer-faltungen-lila,/artist/beat-zoderer
Beat Zoderer,Six-Zag #14/20,https://www.artsy.net/artwork/beat-zoderer-six-zag-number-14-slash-20,/artist/beat-zoderer
Beat Zoderer,Faltungen Grün,https://www.artsy.net/artwork/beat-zoderer-faltungen-grun,/artist/beat-zoderer
Belinda Cadbury,Untitled (D),https://www.artsy.net/artwork/belinda-cadbury-untitled-d,/artist/belinda-cadbury
Belinda Cadbury,Untitled (C),https://www.artsy.net/artwork/belinda-cadbury-untitled-c,/artist/belinda-cadbury
Belinda Cadbury,Untitled (B),https://www.artsy.net/artwork/belinda-cadbury-untitled-b,/artist/belinda-cadbury
Belinda Cadbury,Untitled (A),https://www.artsy.net/artwork/belinda-cadbury-untitled-a,/artist/belinda-cadbury
Christian Furr,Emmental 1,https://www.artsy.net/artwork/christian-furr-emmental-1,/artist/christian-furr
Christian Furr,Romadur and Epoisses Affine on Blue Grey,https://www.artsy.net/artwork/christian-furr-romadur-and-epoisses-affine-on-blue-grey,/artist/christian-furr
Christian Furr,Beemster,https://www.artsy.net/artwork/christian-furr-beemster,/artist/christian-furr
Christian Furr,Coeur de Neufchatel on Lautreamont Green,https://www.artsy.net/artwork/christian-furr-coeur-de-neufchatel-on-lautreamont-green,/artist/christian-furr
Christian Furr,Schlossberg 2,https://www.artsy.net/artwork/christian-furr-schlossberg-2,/artist/christian-furr
Christian Furr,St Helena,https://www.artsy.net/artwork/christian-furr-st-helena,/artist/christian-furr
Christian Furr,Atlantic Wolffish,https://www.artsy.net/artwork/christian-furr-atlantic-wolffish,/artist/christian-furr
Christian Furr,Rainbow Parrotfish,https://www.artsy.net/artwork/christian-furr-rainbow-parrotfish,/artist/christian-furr
Christian Furr,Epoisses,https://www.artsy.net/artwork/christian-furr-epoisses,/artist/christian-furr
Christian Furr,Castenellanza Gorgonzola on pale yellow,https://www.artsy.net/artwork/christian-furr-castenellanza-gorgonzola-on-pale-yellow,/artist/christian-furr
Christian Furr,Lobster,https://www.artsy.net/artwork/christian-furr-lobster,/artist/christian-furr
Christian Furr,Schlossberg 1,https://www.artsy.net/artwork/christian-furr-schlossberg-1,/artist/christian-furr
Christian Furr,Emmental 2,https://www.artsy.net/artwork/christian-furr-emmental-2,/artist/christian-furr
Christian Furr,Champion on Purple,https://www.artsy.net/artwork/christian-furr-champion-on-purple,/artist/christian-furr
Christian Furr,Mini Baby Bel with Union Flag,https://www.artsy.net/artwork/christian-furr-mini-baby-bel-with-union-flag,/artist/christian-furr
Clay Ketter,Leviathan,https://www.artsy.net/artwork/clay-ketter-leviathan,/artist/clay-ketter
Clay Ketter,Spider Woods,https://www.artsy.net/artwork/clay-ketter-spider-woods,/artist/clay-ketter
Clay Ketter,The Garden Revisited,https://www.artsy.net/artwork/clay-ketter-the-garden-revisited,/artist/clay-ketter
Felipe Mujica,Primeros amaneceres en la tierra (Curtain 6),https://www.artsy.net/artwork/felipe-mujica-primeros-amaneceres-en-la-tierra-curtain-6,/artist/felipe-mujica
Felipe Mujica,Primeros amaneceres en la tierra (Curtain 4),https://www.artsy.net/artwork/felipe-mujica-primeros-amaneceres-en-la-tierra-curtain-4,/artist/felipe-mujica
Felipe Mujica,Primeros amaneceres en la tierra (Curtain 7),https://www.artsy.net/artwork/felipe-mujica-primeros-amaneceres-en-la-tierra-curtain-7,/artist/felipe-mujica
Felipe Mujica,Primeros amaneceres en la tierra (Curtain 8),https://www.artsy.net/artwork/felipe-mujica-primeros-amaneceres-en-la-tierra-curtain-8,/artist/felipe-mujica
Felipe Mujica,Primeros amaneceres en la tierra (Curtain 2),https://www.artsy.net/artwork/felipe-mujica-primeros-amaneceres-en-la-tierra-curtain-2,/artist/felipe-mujica
Felipe Mujica,Primeros amaneceres en la tierra (Curtain 1),https://www.artsy.net/artwork/felipe-mujica-primeros-amaneceres-en-la-tierra-curtain-1,/artist/felipe-mujica
Frank Gerritz,"Four Center Connection, ""Comme Une Absence II""",https://www.artsy.net/artwork/frank-gerritz-four-center-connection-comme-une-absence-ii,/artist/frank-gerritz
Frank Gerritz,Two Center Connection | Perfect Lovers,https://www.artsy.net/artwork/frank-gerritz-two-center-connection-perfect-lovers,/artist/frank-gerritz
Giulia Ricci,AD G544,https://www.artsy.net/artwork/giulia-ricci-ad-g544,/artist/giulia-ricci
Giulia Ricci,Parallel/Bend no.5,https://www.artsy.net/artwork/giulia-ricci-parallel-slash-bend-no-dot-5,/artist/giulia-ricci
Giulia Ricci,Skin I,https://www.artsy.net/artwork/giulia-ricci-skin-i,/artist/giulia-ricci
Giulia Ricci,Order/Disruption Painting No. 3 (Ed.1/5),https://www.artsy.net/artwork/giulia-ricci-order-slash-disruption-painting-no-3-ed-dot-1-slash-5,/artist/giulia-ricci
Giulia Ricci,AD G547,https://www.artsy.net/artwork/giulia-ricci-ad-g547,/artist/giulia-ricci
Giulia Ricci,AD G554,https://www.artsy.net/artwork/giulia-ricci-ad-g554,/artist/giulia-ricci
Giulia Ricci,AD G506,https://www.artsy.net/artwork/giulia-ricci-ad-g506,/artist/giulia-ricci
Giulia Ricci,AD G573,https://www.artsy.net/artwork/giulia-ricci-ad-g573,/artist/giulia-ricci
Giulia Ricci,Order/Disruption Painting No. 3 (Ed. 2/5),https://www.artsy.net/artwork/giulia-ricci-order-slash-disruption-painting-no-3-ed-2-slash-5,/artist/giulia-ricci
Hadi Tabatabai,Grigia #3,https://www.artsy.net/artwork/hadi-tabatabai-grigia-number-3,/artist/hadi-tabatabai
Hadi Tabatabai,Thread Painting 2021-4,https://www.artsy.net/artwork/hadi-tabatabai-thread-painting-2021-4,/artist/hadi-tabatabai
Hadi Tabatabai,Grigia #4,https://www.artsy.net/artwork/hadi-tabatabai-grigia-number-4,/artist/hadi-tabatabai
Hadi Tabatabai,Thread painting 2021-7,https://www.artsy.net/artwork/hadi-tabatabai-thread-painting-2021-7,/artist/hadi-tabatabai
Hadi Tabatabai,Thread Painting 2020-5,https://www.artsy.net/artwork/hadi-tabatabai-thread-painting-2020-5,/artist/hadi-tabatabai
Hadi Tabatabai,Thread Painting 2020-6,https://www.artsy.net/artwork/hadi-tabatabai-thread-painting-2020-6,/artist/hadi-tabatabai
Hadi Tabatabai,Wood Piece #2,https://www.artsy.net/artwork/hadi-tabatabai-wood-piece-number-2,/artist/hadi-tabatabai
Hadi Tabatabai,Thread Painting 2020-7,https://www.artsy.net/artwork/hadi-tabatabai-thread-painting-2020-7,/artist/hadi-tabatabai
Hadi Tabatabai,Tar-O-Poud 2022-1,https://www.artsy.net/artwork/hadi-tabatabai-tar-o-poud-2022-1,/artist/hadi-tabatabai
Hadi Tabatabai,Acrylic piece 2014-11,https://www.artsy.net/artwork/hadi-tabatabai-acrylic-piece-2014-11-1,/artist/hadi-tabatabai
Hadi Tabatabai,Thread Painting 2021-8,https://www.artsy.net/artwork/hadi-tabatabai-thread-painting-2021-8,/artist/hadi-tabatabai
Hadi Tabatabai,Drawing DF-39,https://www.artsy.net/artwork/hadi-tabatabai-drawing-df-39,/artist/hadi-tabatabai
Hadi Tabatabai,Thread painting 2022-2,https://www.artsy.net/artwork/hadi-tabatabai-thread-painting-2022-2,/artist/hadi-tabatabai
Hadi Tabatabai,For Razieh #2,https://www.artsy.net/artwork/hadi-tabatabai-for-razieh-number-2,/artist/hadi-tabatabai
Hadi Tabatabai,Weave Drawing 2018-5,https://www.artsy.net/artwork/hadi-tabatabai-weave-drawing-2018-5,/artist/hadi-tabatabai
Hadi Tabatabai,Thread Painting 2021-6,https://www.artsy.net/artwork/hadi-tabatabai-thread-painting-2021-6,/artist/hadi-tabatabai
Hadi Tabatabai,Drawing DF-40,https://www.artsy.net/artwork/hadi-tabatabai-drawing-df-40,/artist/hadi-tabatabai
Hadi Tabatabai,Grigia #5,https://www.artsy.net/artwork/hadi-tabatabai-grigia-number-5,/artist/hadi-tabatabai
Hadi Tabatabai,Acrylic piece 2014-07,https://www.artsy.net/artwork/hadi-tabatabai-acrylic-piece-2014-07,/artist/hadi-tabatabai
Hartmut Böhm,Formation aus Gegenüberstellungen 1-6,https://www.artsy.net/artwork/hartmut-bohm-formation-aus-gegenuberstellungen-1-6,/artist/hartmut-bohm
Hartmut Böhm,Raster aus sechs identischen rechtecken,https://www.artsy.net/artwork/hartmut-bohm-raster-aus-sechs-identischen-rechtecken,/artist/hartmut-bohm
Henrik Eiben,Moby Dick,https://www.artsy.net/artwork/henrik-eiben-moby-dick,/artist/henrik-eiben
Henrik Eiben,Voyager Wanda,https://www.artsy.net/artwork/henrik-eiben-voyager-wanda,/artist/henrik-eiben
Henrik Eiben,Three miles high,https://www.artsy.net/artwork/henrik-eiben-three-miles-high,/artist/henrik-eiben
Henrik Eiben,Giggle London,https://www.artsy.net/artwork/henrik-eiben-giggle-london,/artist/henrik-eiben
Henrik Eiben,Slumber,https://www.artsy.net/artwork/henrik-eiben-slumber,/artist/henrik-eiben
Henrik Eiben,Giggle (Copenhagen),https://www.artsy.net/artwork/henrik-eiben-giggle-copenhagen,/artist/henrik-eiben
Henrik Eiben,Central AC,https://www.artsy.net/artwork/henrik-eiben-central-ac,/artist/henrik-eiben
Henrik Eiben,Koroko Two,https://www.artsy.net/artwork/henrik-eiben-koroko-two,/artist/henrik-eiben
James Howell,Pastel Gradation 517 - 521 / 25 Nov 05,https://www.artsy.net/artwork/james-howell-pastel-gradation-517-521-slash-25-nov-05,/artist/james-howell
James Howell,"68.70, 11/16/04",https://www.artsy.net/artwork/james-howell-68-dot-70-11-slash-16-slash-04,/artist/james-howell
James Howell,"Limit Drawing, 58.04 05/31/97",https://www.artsy.net/artwork/james-howell-limit-drawing-58-dot-04-05-slash-31-slash-97,/artist/james-howell
James Howell,"Limit Drawing (S.6.4) Set 93.02, 08/10/1995",https://www.artsy.net/artwork/james-howell-limit-drawing-s-dot-6-4-set-93-dot-02-08-slash-10-slash-1995,/artist/james-howell
Joan Witek,Study for Flamenco,https://www.artsy.net/artwork/joan-witek-study-for-flamenco,/artist/joan-witek
Julia Mangold,O.T. 029,https://www.artsy.net/artwork/julia-mangold-ot-029,/artist/julia-mangold
Julia Mangold,O.T. 05.06.02,https://www.artsy.net/artwork/julia-mangold-ot-05-dot-06-dot-02,/artist/julia-mangold
Julia Mangold,"Diptych: Untitled 2012-0102, 4-1 and 4-2",https://www.artsy.net/artwork/julia-mangold-diptych-untitled-2012-0102-4-1-and-4-2,/artist/julia-mangold
Julia Mangold,Untitled #2016-0901-0904,https://www.artsy.net/artwork/julia-mangold-untitled-number-2016-0901-0904,/artist/julia-mangold
Julia Mangold,Set of four drawings :Untitled 2012 – 0103,https://www.artsy.net/artwork/julia-mangold-set-of-four-drawings-untitled-2012-0103,/artist/julia-mangold
Lucinda Burgess,YOU ARE HERE,https://www.artsy.net/artwork/lucinda-burgess-you-are-here,/artist/lucinda-burgess
Lucinda Burgess,25 PENCILS – ALL ‘DEEP RED C130’,https://www.artsy.net/artwork/lucinda-burgess-25-pencils-all-deep-red-c130,/artist/lucinda-burgess
Lucinda Burgess,Red (2),https://www.artsy.net/artwork/lucinda-burgess-red-2,/artist/lucinda-burgess
Lucinda Burgess,ONE PENCIL – DEEP RED C130,https://www.artsy.net/artwork/lucinda-burgess-one-pencil-deep-red-c130,/artist/lucinda-burgess
Lucinda Burgess,Seeing Straight III,https://www.artsy.net/artwork/lucinda-burgess-seeing-straight-iii,/artist/lucinda-burgess
Lucinda Burgess,18 PENCILS – ALL ‘ULTRAMARINE (120)’,https://www.artsy.net/artwork/lucinda-burgess-18-pencils-all-ultramarine-120,/artist/lucinda-burgess
Lucinda Burgess,Zigzag,https://www.artsy.net/artwork/lucinda-burgess-zigzag,/artist/lucinda-burgess
Lucinda Burgess,15 PENCILS – ALL ‘GOLD 0300’,https://www.artsy.net/artwork/lucinda-burgess-15-pencils-all-gold-0300,/artist/lucinda-burgess
Lucinda Burgess,Variations in Red,https://www.artsy.net/artwork/lucinda-burgess-variations-in-red,/artist/lucinda-burgess
Lucinda Burgess,PARTS,https://www.artsy.net/artwork/lucinda-burgess-parts,/artist/lucinda-burgess
Lucinda Burgess,RED (III),https://www.artsy.net/artwork/lucinda-burgess-red-iii,/artist/lucinda-burgess
Lucinda Burgess,ONE PENCIL – CRANBERRY,https://www.artsy.net/artwork/lucinda-burgess-one-pencil-cranberry,/artist/lucinda-burgess
Lucinda Burgess,PARTS (II),https://www.artsy.net/artwork/lucinda-burgess-parts-ii,/artist/lucinda-burgess
Lucinda Burgess,Drawing a Line,https://www.artsy.net/artwork/lucinda-burgess-drawing-a-line,/artist/lucinda-burgess
Mathew Hale,One Silver Dollar Painting Jul 29,https://www.artsy.net/artwork/mathew-hale-one-silver-dollar-painting-jul-29,/artist/mathew-hale
Mathew Hale,The Origin Of The Work,https://www.artsy.net/artwork/mathew-hale-the-origin-of-the-work,/artist/mathew-hale
Mathew Hale,The Second of June 2023 (Page 61 of Two Miriams and Their Mother),https://www.artsy.net/artwork/mathew-hale-the-second-of-june-2023-page-61-of-two-miriams-and-their-mother,/artist/mathew-hale
Mathew Hale,One Silver Dollar Painting Nov 8,https://www.artsy.net/artwork/mathew-hale-one-silver-dollar-painting-nov-8,/artist/mathew-hale
Mathew Hale,One Silver Dollar Painting Aug 31,https://www.artsy.net/artwork/mathew-hale-one-silver-dollar-painting-aug-31,/artist/mathew-hale
Mike Meiré,SCHOOL-AGE STRIKERS,https://www.artsy.net/artwork/mike-meire-school-age-strikers,/artist/mike-meire
Mike Meiré,Delete,https://www.artsy.net/artwork/mike-meire-delete,/artist/mike-meire
Mike Meiré,HAPPY MY ASS,https://www.artsy.net/artwork/mike-meire-happy-my-ass,/artist/mike-meire
Mike Meiré,"THE NEXT 100,000 YEARS",https://www.artsy.net/artwork/mike-meire-the-next-100000-years,/artist/mike-meire
Mike Meiré,Drone Chair,https://www.artsy.net/artwork/mike-meire-drone-chair,/artist/mike-meire
Mike Meiré,THE HARVESTERS,https://www.artsy.net/artwork/mike-meire-the-harvesters,/artist/mike-meire
Mike Meiré,"AFTER THE FLOOD, ASH, EARTH & SALT",https://www.artsy.net/artwork/mike-meire-after-the-flood-ash-earth-and-salt,/artist/mike-meire
Mike Meiré,FRIDAYS FOR FUTURE,https://www.artsy.net/artwork/mike-meire-fridays-for-future,/artist/mike-meire
Mike Meiré,GREENPEACE,https://www.artsy.net/artwork/mike-meire-greenpeace,/artist/mike-meire
Mike Meiré,RAINBOW WARRIOR,https://www.artsy.net/artwork/mike-meire-rainbow-warrior,/artist/mike-meire
Mike Meiré,FORTUNA,https://www.artsy.net/artwork/mike-meire-fortuna,/artist/mike-meire
Mike Meiré,THE WEATHER REPORT,https://www.artsy.net/artwork/mike-meire-the-weather-report,/artist/mike-meire
Mike Meiré,THE PARIS AGREEMENT,https://www.artsy.net/artwork/mike-meire-the-paris-agreement,/artist/mike-meire
Mike Meiré,LAST GENERATION,https://www.artsy.net/artwork/mike-meire-last-generation,/artist/mike-meire
Mike Meiré,GREEN NEW DEAL,https://www.artsy.net/artwork/mike-meire-green-new-deal,/artist/mike-meire
Mike Meiré,Black Relief,https://www.artsy.net/artwork/mike-meire-black-relief,/artist/mike-meire
Nick Terry,Untitled (BSL_16),https://www.artsy.net/artwork/nick-terry-untitled-bsl-16,/artist/nick-terry
Nick Terry,Untitled (BSL_7),https://www.artsy.net/artwork/nick-terry-untitled-bsl-7,/artist/nick-terry
Phil Sims,"Untitled Red, Catalogue #570",https://www.artsy.net/artwork/phil-sims-untitled-red-catalogue-number-570-1,/artist/phil-sims
Rudolf de Crignis,#92134,https://www.artsy.net/artwork/rudolf-de-crignis-number-92134,/artist/rudolf-de-crignis
Rudolf de Crignis,#95032,https://www.artsy.net/artwork/rudolf-de-crignis-number-95032,/artist/rudolf-de-crignis
Rudolf de Crignis,#95021,https://www.artsy.net/artwork/rudolf-de-crignis-number-95021,/artist/rudolf-de-crignis
Rudolf de Crignis,"Painting #93041, ""Green-Red Lines"" - Black series",https://www.artsy.net/artwork/rudolf-de-crignis-painting-number-93041-green-red-lines-black-series,/artist/rudolf-de-crignis
Rudolf de Crignis,#94023,https://www.artsy.net/artwork/rudolf-de-crignis-number-94023,/artist/rudolf-de-crignis
Rudolf de Crignis,Painting #91146,https://www.artsy.net/artwork/rudolf-de-crignis-painting-number-91146,/artist/rudolf-de-crignis
Rudolf de Crignis,#95023,https://www.artsy.net/artwork/rudolf-de-crignis-number-95023,/artist/rudolf-de-crignis
Rudolf de Crignis,Painting #93005,https://www.artsy.net/artwork/rudolf-de-crignis-painting-number-93005,/artist/rudolf-de-crignis
Rudolf de Crignis,Painting #92134,https://www.artsy.net/artwork/rudolf-de-crignis-painting-number-92134,/artist/rudolf-de-crignis
Rudolf de Crignis,Painting #91091,https://www.artsy.net/artwork/rudolf-de-crignis-painting-number-91091,/artist/rudolf-de-crignis
Rudolf de Crignis,"Painting #93042, ""Green-Red"" - Black series",https://www.artsy.net/artwork/rudolf-de-crignis-painting-number-93042-green-red-black-series,/artist/rudolf-de-crignis
Rudolf de Crignis,#95022,https://www.artsy.net/artwork/rudolf-de-crignis-number-95022,/artist/rudolf-de-crignis
Rudolf de Crignis,#945029,https://www.artsy.net/artwork/rudolf-de-crignis-number-945029,/artist/rudolf-de-crignis
Rudolf de Crignis,#91026,https://www.artsy.net/artwork/rudolf-de-crignis-number-91026,/artist/rudolf-de-crignis
Sarah Chilvers,Untitled,https://www.artsy.net/artwork/sarah-chilvers-untitled-17,/artist/sarah-chilvers
Sarah Chilvers,Untitled (BC_SC2016_22),https://www.artsy.net/artwork/sarah-chilvers-untitled-bc-sc2016-22,/artist/sarah-chilvers
Sarah Chilvers,Untitled,https://www.artsy.net/artwork/sarah-chilvers-untitled-15,/artist/sarah-chilvers
Sarah Chilvers,Untitled,https://www.artsy.net/artwork/sarah-chilvers-untitled-7,/artist/sarah-chilvers
Sarah Chilvers,Untitled,https://www.artsy.net/artwork/sarah-chilvers-untitled-12,/artist/sarah-chilvers
Sarah Chilvers,Untitled,https://www.artsy.net/artwork/sarah-chilvers-untitled-13,/artist/sarah-chilvers
Sarah Chilvers,Untitled (BC_SC2016_12),https://www.artsy.net/artwork/sarah-chilvers-untitled-bc-sc2016-12,/artist/sarah-chilvers
Sarah Chilvers,Untitled (BC_SC2016_15),https://www.artsy.net/artwork/sarah-chilvers-untitled-bc-sc2016-15,/artist/sarah-chilvers
Sarah Chilvers,Untitled (BC_SC2016_02),https://www.artsy.net/artwork/sarah-chilvers-untitled-bc-sc2016-02,/artist/sarah-chilvers
Sarah Chilvers,Untitled (BC_SC2016_26),https://www.artsy.net/artwork/sarah-chilvers-untitled-bc-sc2016-26,/artist/sarah-chilvers
Sasha Holzer,Untitled,https://www.artsy.net/artwork/sasha-holzer-untitled-2,/artist/sasha-holzer
Sasha Holzer,Untitled,https://www.artsy.net/artwork/sasha-holzer-untitled-8,/artist/sasha-holzer
Sasha Holzer,Spring,https://www.artsy.net/artwork/sasha-holzer-spring,/artist/sasha-holzer
Sasha Holzer,Path,https://www.artsy.net/artwork/sasha-holzer-path,/artist/sasha-holzer
Sasha Holzer,Crossing (Cherry),https://www.artsy.net/artwork/sasha-holzer-crossing-cherry,/artist/sasha-holzer
Sasha Holzer,Untitled,https://www.artsy.net/artwork/sasha-holzer-untitled-5,/artist/sasha-holzer
Sasha Holzer,Untitled,https://www.artsy.net/artwork/sasha-holzer-untitled-3,/artist/sasha-holzer
Sasha Holzer,Field,https://www.artsy.net/artwork/sasha-holzer-field,/artist/sasha-holzer
Stefana McClure,Colourblind Drawing,https://www.artsy.net/artwork/stefana-mcclure-colourblind-drawing,/artist/stefana-mcclure
Stefana McClure,Brahms: A German Requiem,https://www.artsy.net/artwork/stefana-mcclure-brahms-a-german-requiem,/artist/stefana-mcclure
Stefana McClure,Colourblind Drawing C.L.,https://www.artsy.net/artwork/stefana-mcclure-colourblind-drawing-cl,/artist/stefana-mcclure
Stefana McClure,"Science is FICTION, Subtitles to 23 Films by Jean Painlevé",https://www.artsy.net/artwork/stefana-mcclure-science-is-fiction-subtitles-to-23-films-by-jean-painleve,/artist/stefana-mcclure
Stefana McClure,Dragonball: a manga by Akira Toriyama,https://www.artsy.net/artwork/stefana-mcclure-dragonball-a-manga-by-akira-toriyama,/artist/stefana-mcclure
Stefana McClure,Sleeper,https://www.artsy.net/artwork/stefana-mcclure-sleeper,/artist/stefana-mcclure
Stefana McClure,Whammo bricks,https://www.artsy.net/artwork/stefana-mcclure-whammo-bricks,/artist/stefana-mcclure
Stephan Baumkötter,Untitled (2024-6A),https://www.artsy.net/artwork/stephan-baumkotter-untitled-2024-6a,/artist/stephan-baumkotter
Stephan Baumkötter,Untitled (2024-1W),https://www.artsy.net/artwork/stephan-baumkotter-untitled-2024-1w,/artist/stephan-baumkotter
Stephan Baumkötter,Untitled (2024-5A),https://www.artsy.net/artwork/stephan-baumkotter-untitled-2024-5a,/artist/stephan-baumkotter
Stephan Baumkötter,Untitled (SB Pink),https://www.artsy.net/artwork/stephan-baumkotter-untitled-sb-pink,/artist/stephan-baumkotter
Stephan Baumkötter,Untitled (2024-2W),https://www.artsy.net/artwork/stephan-baumkotter-untitled-2024-2w,/artist/stephan-baumkotter
Stephan Baumkötter,Untitled (2024-4A),https://www.artsy.net/artwork/stephan-baumkotter-untitled-2024-4a,/artist/stephan-baumkotter
Stephan Baumkötter,Untitled (2024-1A),https://www.artsy.net/artwork/stephan-baumkotter-untitled-2024-1a,/artist/stephan-baumkotter
Stephan Baumkötter,Untitled (SB Multi),https://www.artsy.net/artwork/stephan-baumkotter-untitled-sb-multi,/artist/stephan-baumkotter
Susan Morris,"Plumb Line Drawing, Degree Zero",https://www.artsy.net/artwork/susan-morris-plumb-line-drawing-degree-zero,/artist/susan-morris
Susan Morris,Erased Diary,https://www.artsy.net/artwork/susan-morris-erased-diary,/artist/susan-morris
Susan Morris,SunDial:NightWatch_Drawing for Tapestry_ Sleep/Wake 2010-2014,https://www.artsy.net/artwork/susan-morris-sundial-nightwatch-drawing-for-tapestry-sleep-slash-wake-2010-2014-1,/artist/susan-morris
Vanessa Henn,Sheer I,https://www.artsy.net/artwork/vanessa-henn-sheer-i,/artist/vanessa-henn
Vanessa Henn,Niveau,https://www.artsy.net/artwork/vanessa-henn-niveau,/artist/vanessa-henn
Vanessa Henn,Cause and Effect,https://www.artsy.net/artwork/vanessa-henn-cause-and-effect,/artist/vanessa-henn
Vanessa Henn,Beschreibung,https://www.artsy.net/artwork/vanessa-henn-beschreibung,/artist/vanessa-henn
Winston Roeth,Black / Green,https://www.artsy.net/artwork/winston-roeth-black-slash-green,/artist/winston-roeth
Winston Roeth,Red / Gold,https://www.artsy.net/artwork/winston-roeth-red-slash-gold,/artist/winston-roeth
Winston Roeth,Quartet #2,https://www.artsy.net/artwork/winston-roeth-quartet-number-2-1,/artist/winston-roeth
Winston Roeth,Blue Circle Painting,https://www.artsy.net/artwork/winston-roeth-blue-circle-painting,/artist/winston-roeth